Workbook

Sheet Dashboard
A1: PolicyBot Intelligence — Build Tracker Dashboard
A3: Metric | B3: Value | D3: Status | E3: Count | G3: Current Focus | H3: Instruction
A4: Total Tasks | B4: =COUNTA('Task Tracker'!A2:A66) -> 65 | D4: Done | E4: =B5 -> 0 | G4: Default vector DB | H4: Qdrant local Docker
A5: Done | B5: =COUNTIF('Task Tracker'!G2:G66,"Done") -> 0 | D5: In Progress | E5: =B6 -> 0 | G5: Metadata DB | H5: MongoDB
A6: In Progress | B6: =COUNTIF('Task Tracker'!G2:G66,"In Progress") -> 0 | D6: Blocked | E6: =B7 -> 0 | G6: Default LLM | H6: Gemini provider
A7: Blocked | B7: =COUNTIF('Task Tracker'!G2:G66,"Blocked") -> 0 | D7: In Review | E7: =B8 -> 0 | G7: Default UI | H7: React + Tailwind
A8: In Review | B8: =COUNTIF('Task Tracker'!G2:G66,"In Review") -> 0 | D8: Not Started | E8: =B9 -> 65 | G8: Tracking rule | H8: Update tracker after every phase
A9: Not Started | B9: =COUNTIF('Task Tracker'!G2:G66,"Not Started") -> 65 | G9: MVP flow | H9: Local ingest → Query → Trace UI
A10: Completion % | B10: =IF(B4=0,0,B5/B4) -> 0
A12: Area | B12: Total | C12: Done | D12: Blocked | E12: Completion %
A13: Backend | B13: =COUNTIF('Task Tracker'!C:C,A13) -> 17 | C13: =_xlfn.COUNTIFS('Task Tracker'!C:C,A13,'Task Tracker'!G:G,"Done") -> 0 | D13: =_xlfn.COUNTIFS('Task Tracker'!C:C,A13,'Task Tracker'!G:G,"Blocked") -> 0 | E13: =IF(B13=0,0,C13/B13) -> 0
A14: Frontend | B14: =COUNTIF('Task Tracker'!C:C,A14) -> 12 | C14: =_xlfn.COUNTIFS('Task Tracker'!C:C,A14,'Task Tracker'!G:G,"Done") -> 0 | D14: =_xlfn.COUNTIFS('Task Tracker'!C:C,A14,'Task Tracker'!G:G,"Blocked") -> 0 | E14: =IF(B14=0,0,C14/B14) -> 0
A15: Infra | B15: =COUNTIF('Task Tracker'!C:C,A15) -> 4 | C15: =_xlfn.COUNTIFS('Task Tracker'!C:C,A15,'Task Tracker'!G:G,"Done") -> 0 | D15: =_xlfn.COUNTIFS('Task Tracker'!C:C,A15,'Task Tracker'!G:G,"Blocked") -> 0 | E15: =IF(B15=0,0,C15/B15) -> 0
A16: RAG | B16: =COUNTIF('Task Tracker'!C:C,A16) -> 6 | C16: =_xlfn.COUNTIFS('Task Tracker'!C:C,A16,'Task Tracker'!G:G,"Done") -> 0 | D16: =_xlfn.COUNTIFS('Task Tracker'!C:C,A16,'Task Tracker'!G:G,"Blocked") -> 0 | E16: =IF(B16=0,0,C16/B16) -> 0
A17: Vector DB | B17: =COUNTIF('Task Tracker'!C:C,A17) -> 4 | C17: =_xlfn.COUNTIFS('Task Tracker'!C:C,A17,'Task Tracker'!G:G,"Done") -> 0 | D17: =_xlfn.COUNTIFS('Task Tracker'!C:C,A17,'Task Tracker'!G:G,"Blocked") -> 0 | E17: =IF(B17=0,0,C17/B17) -> 0
A18: MongoDB | B18: =COUNTIF('Task Tracker'!C:C,A18) -> 4 | C18: =_xlfn.COUNTIFS('Task Tracker'!C:C,A18,'Task Tracker'!G:G,"Done") -> 0 | D18: =_xlfn.COUNTIFS('Task Tracker'!C:C,A18,'Task Tracker'!G:G,"Blocked") -> 0 | E18: =IF(B18=0,0,C18/B18) -> 0
A19: Google Drive | B19: =COUNTIF('Task Tracker'!C:C,A19) -> 1 | C19: =_xlfn.COUNTIFS('Task Tracker'!C:C,A19,'Task Tracker'!G:G,"Done") -> 0 | D19: =_xlfn.COUNTIFS('Task Tracker'!C:C,A19,'Task Tracker'!G:G,"Blocked") -> 0 | E19: =IF(B19=0,0,C19/B19) -> 0
A20: Docs | B20: =COUNTIF('Task Tracker'!C:C,A20) -> 8 | C20: =_xlfn.COUNTIFS('Task Tracker'!C:C,A20,'Task Tracker'!G:G,"Done") -> 0 | D20: =_xlfn.COUNTIFS('Task Tracker'!C:C,A20,'Task Tracker'!G:G,"Blocked") -> 0 | E20: =IF(B20=0,0,C20/B20) -> 0
A21: Testing | B21: =COUNTIF('Task Tracker'!C:C,A21) -> 4 | C21: =_xlfn.COUNTIFS('Task Tracker'!C:C,A21,'Task Tracker'!G:G,"Done") -> 0 | D21: =_xlfn.COUNTIFS('Task Tracker'!C:C,A21,'Task Tracker'!G:G,"Blocked") -> 0 | E21: =IF(B21=0,0,C21/B21) -> 0
A22: Evaluation | B22: =COUNTIF('Task Tracker'!C:C,A22) -> 2 | C22: =_xlfn.COUNTIFS('Task Tracker'!C:C,A22,'Task Tracker'!G:G,"Done") -> 0 | D22: =_xlfn.COUNTIFS('Task Tracker'!C:C,A22,'Task Tracker'!G:G,"Blocked") -> 0 | E22: =IF(B22=0,0,C22/B22) -> 0
A23: Security | B23: =COUNTIF('Task Tracker'!C:C,A23) -> 1 | C23: =_xlfn.COUNTIFS('Task Tracker'!C:C,A23,'Task Tracker'!G:G,"Done") -> 0 | D23: =_xlfn.COUNTIFS('Task Tracker'!C:C,A23,'Task Tracker'!G:G,"Blocked") -> 0 | E23: =IF(B23=0,0,C23/B23) -> 0
A24: Observability | B24: =COUNTIF('Task Tracker'!C:C,A24) -> 2 | C24: =_xlfn.COUNTIFS('Task Tracker'!C:C,A24,'Task Tracker'!G:G,"Done") -> 0 | D24: =_xlfn.COUNTIFS('Task Tracker'!C:C,A24,'Task Tracker'!G:G,"Blocked") -> 0 | E24: =IF(B24=0,0,C24/B24) -> 0

Sheet Task Tracker
A1: ID | B1: Phase | C1: Area | D1: Task | E1: Acceptance Criteria | F1: Priority | G1: Status | H1: Owner | I1: Estimate Days | J1: Target Day | K1: Dependencies | L1: Notes | M1: Last Updated
A2: PB-001 | B2: Phase 1 Foundation | C2: Infra | D2: Create repository structure | E2: Create backend, frontend, docs, scripts, templates folders exactly as required. | F2: P0 | G2: Not Started | H2: Dev | I2: 0.5 | J2: Day 1
A3: PB-002 | B3: Phase 1 Foundation | C3: Backend | D3: Create FastAPI app skeleton | E3: App starts, exposes /api/v1/health, includes router layout and CORS. | F3: P0 | G3: Not Started | H3: Dev | I3: 0.5 | J3: Day 1 | K3: PB-001
A4: PB-003 | B4: Phase 1 Foundation | C4: Frontend | D4: Create React Vite TypeScript app | E4: App boots locally, Tailwind configured, routes initialized. | F4: P0 | G4: Not Started | H4: Dev | I4: 0.5 | J4: Day 1 | K4: PB-001
A5: PB-004 | B5: Phase 1 Foundation | C5: Infra | D5: Add Docker Compose baseline | E5: MongoDB, Qdrant, backend, and frontend services defined. | F5: P0 | G5: Not Started | H5: Dev | I5: 0.5 | J5: Day 1 | K5: PB-002, PB-003
A6: PB-005 | B6: Phase 1 Foundation | C6: Infra | D6: Add Makefile commands | E6: make setup/dev/docker-up/docker-down/test/logs commands documented and working. | F6: P0 | G6: Not Started | H6: Dev | I6: 0.3 | J6: Day 1 | K6: PB-004
A7: PB-006 | B7: Phase 1 Foundation | C7: Docs | D7: Create first README | E7: README explains project, stack, one-command startup, folder structure. | F7: P1 | G7: Not Started | H7: Dev | I7: 0.3 | J7: Day 1 | K7: PB-001
A8: PB-007 | B8: Phase 2 Config | C8: Backend | D8: Create Pydantic settings | E8: All env vars loaded, typed, validated, and accessible via dependency. | F8: P0 | G8: Not Started | H8: Dev | I8: 0.5 | J8: Day 1 | K8: PB-002
A9: PB-008 | B9: Phase 2 Config | C9: Backend | D9: Create config API | E9: GET/PATCH config endpoints support non-secret runtime settings. | F9: P1 | G9: Not Started | H9: Dev | I9: 0.4 | J9: Day 2 | K9: PB-007
A10: PB-009 | B10: Phase 2 Config | C10: Frontend | D10: Settings page skeleton | E10: Settings page displays active LLM provider, vector DB, chunk size, top-k. | F10: P1 | G10: Not Started | H10: Dev | I10: 0.5 | J10: Day 2 | K10: PB-003, PB-008
A11: PB-010 | B11: Phase 3 MongoDB | C11: MongoDB | D11: Create async Mongo client | E11: Motor client initialized, health check works, clean shutdown implemented. | F11: P0 | G11: Not Started | H11: Dev | I11: 0.5 | J11: Day 2 | K11: PB-007
A12: PB-011 | B12: Phase 3 MongoDB | C12: MongoDB | D12: Create repository base class | E12: Reusable async CRUD helpers and collection access pattern. | F12: P1 | G12: Not Started | H12: Dev | I12: 0.4 | J12: Day 2 | K12: PB-010
A13: PB-012 | B13: Phase 3 MongoDB | C13: MongoDB | D13: Create core repositories | E13: Sources, documents, chunks, jobs, traces, evaluation, config repos exist. | F13: P0 | G13: Not Started | H13: Dev | I13: 1 | J13: Day 2 | K13: PB-011
A14: PB-013 | B14: Phase 3 MongoDB | C14: MongoDB | D14: Create Mongo indexes | E14: Indexes for source_id, document_id, hash, modified_at, job_id, trace_id. | F14: P0 | G14: Not Started | H14: Dev | I14: 0.4 | J14: Day 2 | K14: PB-012
... A66: PB-065 | B66: Phase 14 Final QA | C66: Docs | D66: Final README update | E66: README has commands, architecture summary, known limitations, next steps. | F66: P0 | G66: Not Started | H66: Dev | I66: 0.5 | J66: Day 10 | K66: PB-064

Sheet 10-Day Plan
A1: Day | B1: Theme | C1: Main Outcomes | D1: Exit Criteria | E1: Related Task IDs
A2: Day 1 | B2: Foundation | C2: Repo, FastAPI, React, Docker, config, tracker | D2: Health endpoint and frontend boot | E2: PB-001 to PB-009
A3: Day 2 | B3: MongoDB | C3: Async Mongo layer, repos, indexes | D3: Mongo health and CRUD repositories | E3: PB-010 to PB-013
A4: Day 3 | B4: Vector + LLM | C4: Qdrant and Gemini abstractions | D4: Embed/search/generate path works | E4: PB-014 to PB-021
A5: Day 4 | B5: Ingestion Core | C5: Local connector, loaders, chunking, hashing | D5: Sample files indexed | E5: PB-022 to PB-027
A6: Day 5 | B6: Ingestion UI + Drive Docs | C6: Sources UI and Drive setup docs | D6: Local ingestion visible in UI | E6: PB-028 to PB-030
A7: Day 6 | B7: Google Drive + Retrieval | C7: Picker component, Drive connector, retrieval service | D7: Drive source creates ingestion job | E7: PB-031 to PB-036
A8: Day 7 | B8: LangGraph RAG | C8: RAG graph, citations, query endpoint, chat UI | D8: Ask question and get cited answer | E8: PB-037 to PB-041
A9: Day 8 | B9: Trace + Scoring + UI | C9: Trace timeline, scoring, dashboard, themes | D9: Trace UI shows operational path | E9: PB-042 to PB-052
A10: Day 9 | B10: Evaluation + Docs + Tests | C10: Eval dashboard, docs, backend/frontend tests | D10: Docs and tests present | E10: PB-053 to PB-059
A11: Day 10 | B11: Deployment + QA | C11: Prod Docker, deployment guide, smoke test | D11: Full demo path works | E11: PB-060 to PB-065

Sheet Config Matrix
A1: Variable | B1: Required | C1: Default/Example | D1: Used By | E1: Purpose | F1: Notes
A2: APP_NAME | B2: Yes | C2: PolicyBot Intelligence | D2: Backend/Frontend | E2: Application display name
A3: APP_ENV | B3: Yes | C3: local | D3: Backend | E3: Environment mode | F3: local/dev/prod
A4: API_PREFIX | B4: Yes | C4: /api/v1 | D4: Backend | E4: API base prefix
A5: BACKEND_CORS_ORIGINS | B5: Yes | C5: http://localhost:5173 | D5: Backend | E5: Allowed frontend origins | F5: Comma-separated
A6: MONGODB_URI | B6: Yes | C6: mongodb://mongodb:27017 | D6: Backend | E6: MongoDB connection string
A7: MONGODB_DB | B7: Yes | C7: policybot | D7: Backend | E7: MongoDB database name
A8: VECTOR_DB_PROVIDER | B8: Yes | C8: qdrant | D8: Backend | E8: Select vector DB provider | F8: qdrant/pinecone/chroma/mongo
A9: QDRANT_URL | B9: Yes | C9: http://qdrant:6333 | D9: Backend | E9: Qdrant service URL | F9: Default local Docker
A10: QDRANT_COLLECTION | B10: Yes | C10: policybot_chunks | D10: Backend | E10: Vector collection name
A11: QDRANT_VECTOR_SIZE | B11: Yes | C11: 768 | D11: Backend | E11: Embedding vector dimension | F11: Must match embedding model
A12: LLM_PROVIDER | B12: Yes | C12: gemini | D12: Backend | E12: Select LLM provider | F12: gemini/openai/anthropic/local
A13: GEMINI_API_KEY | B13: Yes for Gemini | D13: Backend | E13: Gemini API key | F13: Secret; never commit
A14: GEMINI_CHAT_MODEL | B14: Yes | C14: gemini-1.5-flash | D14: Backend | E14: Gemini chat model | F14: Configurable
A15: GEMINI_EMBEDDING_MODEL | B15: Yes | C15: text-embedding-004 | D15: Backend | E15: Gemini embedding model | F15: Configurable
A16: GOOGLE_CLIENT_ID | B16: For Drive | D16: Frontend/Backend | E16: Google OAuth web client ID | F16: Needed for Picker
A17: GOOGLE_CLIENT_SECRET | B17: For Drive | D17: Backend | E17: Google OAuth client secret | F17: Secret; never commit
A18: GOOGLE_API_KEY | B18: For Picker | D18: Frontend | E18: Google Picker API key | F18: Restrict in Google Cloud
A19: GOOGLE_REDIRECT_URI | B19: For Drive | C19: http://localhost:8000/api/v1/google-drive/oauth/callback | D19: Backend | E19: OAuth callback | F19: Must match Cloud Console
A20: TRACE_ENABLED | B20: Yes | C20: true | D20: Backend | E20: Enable trace persistence
A21: EVAL_ENABLED | B21: Yes | C21: true | D21: Backend | E21: Enable evaluation endpoints
A22: LOG_LEVEL | B22: Yes | C22: INFO | D22: Backend | E22: Logging level

Sheet API Checklist
A1: Method | B1: Endpoint | C1: Purpose | D1: Backend Status | E1: Frontend Connected | F1: Notes
A2: GET | B2: /api/v1/health | C2: Health check | D2: Not Started | E2: Not Started | F2: Mongo + Qdrant status
A3: GET | B3: /api/v1/config | C3: Fetch runtime config | D3: Not Started | E3: Not Started | F3: No secrets
A4: PATCH | B4: /api/v1/config | C4: Update runtime config | D4: Not Started | E4: Not Started | F4: Validate values
A5: GET | B5: /api/v1/sources | C5: List sources | D5: Not Started | E5: Not Started | F5: Local + Drive
A6: POST | B6: /api/v1/sources/local-folder | C6: Create local source | D6: Not Started | E6: Not Started | F6: Server path mode
A7: POST | B7: /api/v1/sources/google-drive | C7: Create Drive source | D7: Not Started | E7: Not Started | F7: From picker/folder sync
A8: DELETE | B8: /api/v1/sources/{source_id} | C8: Delete source | D8: Not Started | E8: Not Started | F8: Also delete vectors? configurable
A9: POST | B9: /api/v1/ingestion/jobs | C9: Start ingestion job | D9: Not Started | E9: Not Started | F9: Async job
A10: GET | B10: /api/v1/ingestion/jobs | C10: List jobs | D10: Not Started | E10: Not Started | F10: Progress table
A11: GET | B11: /api/v1/ingestion/jobs/{job_id} | C11: Job details | D11: Not Started | E11: Not Started | F11: Counts/logs
A12: POST | B12: /api/v1/query | C12: Ask question | D12: Not Started | E12: Not Started | F12: Returns answer/citations/scores/trace_id
... A14: POST | B14: /api/v1/evaluation/datasets | C14: Create eval dataset | D14: Not Started | E14: Not Started | F14: Golden Q&A
A15: GET | B15: /api/v1/evaluation/datasets | C15: List eval datasets | D15: Not Started | E15: Not Started
A16: POST | B16: /api/v1/evaluation/run | C16: Run evaluation | D16: Not Started | E16: Not Started
A17: GET | B17: /api/v1/evaluation/runs/{run_id} | C17: Eval results | D17: Not Started | E17: Not Started
A18: GET | B18: /api/v1/google-drive/config | C18: Drive client config | D18: Not Started | E18: Not Started | F18: No secret
A19: GET | B19: /api/v1/google-drive/oauth/start | C19: Start OAuth | D19: Not Started | E19: Not Started
A20: GET | B20: /api/v1/google-drive/oauth/callback | C20: OAuth callback | D20: Not Started | E20: Not Started
A21: POST | B21: /api/v1/google-drive/picker-selection | C21: Handle selected files | D21: Not Started | E21: Not Started
A22: POST | B22: /api/v1/google-drive/folder-sync | C22: Start folder sync | D22: Not Started | E22: Not Started | F22: May need broader scope

Sheet Google Drive Flow
A1: Step | B1: Frontend Action | C1: Backend Action | D1: Data Stored | E1: Security Note | F1: Status
A2: 1 | B2: User clicks Connect Google Drive | C2: Return public Google config | D2: No secrets | E2: Only client ID/API key exposed | F2: Not Started
A3: 2 | B3: Frontend requests OAuth token | C3: OAuth callback/token handling if backend mode used | D3: Token reference/session | E3: Use least-privilege scopes | F3: Not Started
A4: 3 | B4: Open Google Picker | C4: N/A | D4: Selected file/folder ids in UI state | E4: Picker lets user choose explicit files/folders | F4: Not Started
A5: 4 | B5: User confirms Start Indexing | C5: Create source + ingestion job | D5: source record, job record | E5: Do not store raw token unless encrypted | F5: Not Started
A6: 5 | B6: Show progress | C6: List/download/export selected files | D6: documents, versions, job logs | E6: Respect file permissions | F6: Not Started
A7: 6 | B7: Display indexed files | C7: Extract metadata, chunk, embed, upsert | D7: chunks metadata + vectors | E7: Never expose private Drive content in logs | F7: Not Started
A8: 7 | B8: Ask question | C8: RAG searches selected Drive source | D8: query session + trace | E8: Citations must point to allowed source metadata | F8: Not Started

Sheet Testing Matrix
A1: Test ID | B1: Layer | C1: Test Case | D1: Expected Result | E1: Priority | F1: Status | G1: Notes
A2: T-001 | B2: Backend | C2: Health endpoint | D2: Returns app, MongoDB, Qdrant health | E2: P0 | F2: Not Started
A3: T-002 | B3: Backend | C3: Config loading | D3: Valid env loads and invalid env fails clearly | E3: P0 | F3: Not Started
A4: T-003 | B4: Backend | C4: Provider factory | D4: Gemini provider returned for LLM_PROVIDER=gemini | E4: P0 | F4: Not Started
A5: T-004 | B5: Backend | C5: Vector store factory | D5: Qdrant returned for VECTOR_DB_PROVIDER=qdrant | E5: P0 | F5: Not Started
A6: T-005 | B6: Backend | C6: Chunking | D6: Chunks preserve source metadata and overlap config | E6: P0 | F6: Not Started
A7: T-006 | B7: Backend | C7: Freshness resolver | D7: Latest valid source selected when conflicts exist | E7: P0 | F7: Not Started
A8: T-007 | B8: Backend | C8: Scoring | D8: Scores are bounded 0-1 and explainable | E8: P1 | F8: Not Started
A9: T-008 | B9: Backend | C9: Trace persistence | D9: Every graph node writes trace event | E9: P0 | F9: Not Started
A10: T-009 | B10: Integration | C10: Local ingest E2E | D10: Sample folder indexed into MongoDB + Qdrant | E10: P0 | F10: Not Started
A11: T-010 | B11: Integration | C11: Ask question E2E | D11: Answer includes citations and trace id | E11: P0 | F11: Not Started
A12: T-011 | B12: Frontend | C12: App renders | D12: Routes render without crash | E12: P0 | F12: Not Started
A13: T-012 | B13: Frontend | C13: Theme switcher | D13: Theme changes and persists | E13: P1 | F13: Not Started
... A15: T-014 | B15: Frontend | C15: Sources page | D15: Local and Google Drive source cards visible | E15: P0 | F15: Not Started

Sheet Risk Register
A1: Risk ID | B1: Risk | C1: Impact | D1: Probability | E1: Mitigation | F1: Owner | G1: Status
A2: R-001 | B2: Google Drive folder sync may need broader OAuth scope | C2: High | D2: Medium | E2: Implement file picker mode first; document folder sync scope difference. | F2: Dev | G2: Open
A3: R-002 | B3: Gemini embedding dimension mismatch with Qdrant config | C3: High | D3: Medium | E3: Keep vector size configurable; validate on startup before upsert. | F3: Dev | G3: Open
A4: R-003 | B4: 10-day timeline too tight for full production polish | C4: Medium | D4: High | E4: Build MVP path first, then Drive/eval/polish. | F4: Dev | G4: Open
A5: R-004 | B5: Large PDFs cause slow ingestion | C5: Medium | D5: Medium | E5: Async jobs, chunk batching, progress logging, file size limits. | F5: Dev | G5: Open
A6: R-005 | B6: Trace UI may expose sensitive document content | C6: High | D6: Medium | E6: Show snippets/citations carefully; do not log secrets or tokens. | F6: Dev | G6: Open
A7: R-006 | B7: Vector DB provider abstraction becomes leaky | C7: Medium | D7: Medium | E7: Keep common search/upsert contract and provider-specific config isolated. | F7: Dev | G7: Open

Sheet Lists
A1: Status | B1: Priority | C1: Area | D1: Target Day
A2: Not Started | B2: P0 | C2: Backend | D2: Day 1
A3: In Progress | B3: P1 | C3: Frontend | D3: Day 2
A4: Blocked | B4: P2 | C4: Infra | D4: Day 3
A5: In Review | B5: P3 | C5: RAG | D5: Day 4
A6: Done | C6: Vector DB | D6: Day 5
C7: MongoDB | D7: Day 6
C8: Google Drive | D8: Day 7
C9: Docs | D9: Day 8
C10: Testing | D10: Day 9
C11: Evaluation | D11: Day 10
C12: Security
C13: Observability

Sheet Sheet10
